Nom,Id_Club,Club,Catégorie,Volee_1_Score_1,Volee_1_Score_2,Volee_1_Score_3,Volee_1_Score_4,Volee_1_Score_5,Volee_1_Score_6,Volee_2_Score_1,Volee_2_Score_2,Volee_2_Score_3,Volee_2_Score_4,Volee_2_Score_5,Volee_2_Score_6,Volee_3_Score_1,Volee_3_Score_2,Volee_3_Score_3,Volee_3_Score_4,Volee_3_Score_5,Volee_3_Score_6,Volee_4_Score_1,Volee_4_Score_2,Volee_4_Score_3,Volee_4_Score_4,Volee_4_Score_5,Volee_4_Score_6,Volee_5_Score_1,Volee_5_Score_2,Volee_5_Score_3,Volee_5_Score_4,Volee_5_Score_5,Volee_5_Score_6,Volee_6_Score_1,Volee_6_Score_2,Volee_6_Score_3,Volee_6_Score_4,Volee_6_Score_5,Volee_6_Score_6
Jangnas Erika,0437083,St Avertin,CL S1F,X,9,9,8,7,6,9,9,9,8,8,6,10,9,9,9,8,7,X,X,9,8,8,7,X,X,9,8,8,8,10,10,10,10,9,9
Jangnas Erika,0437083,St Avertin,CL S1F,10,9,9,9,9,8,X,10,9,9,8,5,X,X,9,9,9,8,9,9,8,8,8,7,9,9,9,9,8,8,10,10,9,9,9,8
Diombo Esmei Anne Marcelle,1130041,Nimes,CL S1F,9,8,8,8,8,6,10,9,9,8,8,7,9,9,9,8,8,7,9,8,7,7,6,3,8,8,8,8,7,6,9,9,9,5,3,2
Diombo Esmei Anne Marcelle,1130041,Nimes,CL S1F,10,9,8,8,8,4,9,8,8,7,6,4,X,10,9,9,8,7,X,9,9,8,6,5,10,10,8,7,5,2,9,8,6,6,6,M
Barbelin Lisa,0163157,Riom,CL S1F,X,10,10,10,9,8,X,X,10,9,9,8,10,9,9,8,8,8,X,X,10,9,9,9,10,10,9,9,9,9,X,10,9,9,9,9
Barbelin Lisa,0163157,Riom,CL S1F,10,10,9,9,9,8,10,10,9,9,8,8,10,9,8,8,8,8,X,X,10,9,9,8,X,10,9,9,9,7,X,X,10,9,9,8
Lacroix Emilie,0437083,St Avertin,CL S1F,10,9,8,8,7,7,X,10,10,9,9,8,10,10,9,9,8,7,X,9,9,8,8,7,9,9,9,8,8,8,10,9,9,8,7,7
Lacroix Emilie,0437083,St Avertin,CL S1F,X,10,9,9,9,6,X,10,9,9,9,8,X,10,9,9,9,8,X,10,9,9,8,8,9,9,9,9,8,4,X,10,10,9,9,8
Fremery-Delestan Mila,1130041,Nimes,CL U21F,X,8,8,7,7,7,X,10,10,9,9,9,9,9,9,9,9,9,X,X,10,9,8,8,10,9,9,8,8,8,X,9,9,9,8,8
Fremery-Delestan Mila,1130041,Nimes,CL U21F,10,9,9,9,8,8,10,10,9,9,8,7,X,9,9,9,9,8,X,10,10,9,9,7,X,9,9,9,8,8,X,X,10,10,9,9
Er'rahmouni Siham,0163157,Riom,CL U21F,X,10,9,9,8,8,10,9,9,9,8,7,X,10,10,9,9,9,10,10,9,8,8,2,X,9,9,9,9,8,10,10,10,9,9,8
Er'rahmouni Siham,0163157,Riom,CL U21F,X,9,9,9,9,8,X,9,9,9,9,8,X,10,9,9,8,8,9,9,9,8,8,8,X,10,9,9,7,7,X,10,10,8,8,7
Lefranc Judith,0437083,St Avertin,CL U18F,10,9,9,8,8,8,9,9,8,8,7,7,10,10,9,9,8,8,9,9,9,8,8,6,9,8,7,7,7,6,X,X,10,9,8,6
Lefranc Judith,0437083,St Avertin,CL U18F,10,9,9,8,8,8,X,10,9,9,8,7,X,X,10,9,8,8,X,10,9,8,8,7,X,X,9,8,8,7,9,9,8,8,7,6
Sebastian Victoria,1130041,Nimes,CL S1F,10,10,10,9,9,7,10,10,8,8,8,7,X,9,9,9,9,8,X,10,10,9,9,8,10,9,9,9,8,8,10,10,9,9,9,8
Sebastian Victoria,1130041,Nimes,CL S1F,10,10,9,9,9,8,X,10,9,9,9,8,9,9,9,9,9,8,X,10,10,9,9,8,9,9,9,9,9,7,X,9,9,9,9,9
Lopez Caroline,0163157,Riom,CL S1F,10,10,10,9,8,8,9,9,9,8,8,7,X,10,9,9,9,7,10,9,9,9,9,7,10,9,9,9,9,7,X,9,8,8,8,8
Lopez Caroline,0163157,Riom,CL S1F,9,9,9,9,9,8,10,10,9,9,9,8,X,X,9,9,9,7,10,10,10,9,8,7,X,10,9,9,8,7,X,10,9,9,9,8
Picquier Marine,0437083,St Avertin,CL S1F,X,X,9,9,8,7,10,9,9,9,8,8,8,8,8,7,7,5,10,9,8,8,8,6,9,9,9,8,8,8,10,9,8,8,8,7
Picquier Marine,0437083,St Avertin,CL S1F,9,9,9,9,8,8,X,X,X,9,8,8,10,9,9,8,8,7,10,10,9,9,8,7,10,9,8,7,7,6,9,9,9,9,7,5
Ramel Aziliz,0163157,Riom,CL S1F,10,8,8,8,8,8,9,9,9,8,8,5,X,9,8,7,7,7,9,9,8,8,7,3,9,9,9,9,7,7,8,8,8,7,6,4
Ramel Aziliz,0163157,Riom,CL S1F,X,10,9,9,9,6,10,10,9,9,8,6,10,9,9,9,9,8,X,10,9,8,7,7,X,10,10,9,9,9,X,10,9,7,6,4
Coupard Anael,0335067,Rennes Cie,CL S1F,10,9,8,7,6,5,X,10,10,10,8,8,9,9,8,7,7,6,X,8,8,8,8,7,X,9,9,9,8,7,10,10,8,8,8,8
Coupard Anael,0335067,Rennes Cie,CL S1F,9,9,9,8,8,7,X,9,9,8,7,7,X,X,9,8,8,7,X,10,9,9,8,8,9,9,9,8,8,7,9,8,8,8,8,7
Blondel Romane,0289107,Brienon/Armancon,CL S1F,10,10,9,8,8,7,X,9,9,8,7,7,10,10,9,9,9,8,10,10,10,10,9,9,9,9,8,8,6,6,X,9,9,8,8,7
Blondel Romane,0289107,Brienon/Armancon,CL S1F,X,10,9,9,7,7,10,9,9,9,8,7,10,9,8,8,7,6,10,8,8,8,8,5,X,10,10,9,8,8,10,10,8,8,7,7
Lapouge Aurane,0163157,Riom,CL U18F,9,8,7,6,6,6,X,10,9,8,8,6,9,8,8,7,7,6,10,10,9,8,8,7,X,10,9,8,8,7,9,9,8,8,8,7
Lapouge Aurane,0163157,Riom,CL U18F,10,9,9,9,7,7,9,9,9,8,7,5,10,10,9,8,7,7,9,9,8,8,7,6,X,9,8,8,8,7,9,9,9,8,8,7
Danes Agathe,0335067,Rennes Cie,CL U18F,9,9,8,8,8,6,9,9,8,8,7,3,9,9,9,8,8,7,X,10,9,6,5,5,10,8,8,7,7,3,9,8,7,7,7,7
Danes Agathe,0335067,Rennes Cie,CL U18F,10,9,9,8,8,7,10,9,9,9,8,7,10,9,9,9,6,6,9,9,8,8,8,7,8,8,8,8,7,7,9,9,8,7,7,4
Chollet Louise,0289107,Brienon/Armancon,CL U21F,9,7,7,7,7,6,X,9,8,7,6,5,9,8,8,6,6,6,8,8,7,7,7,6,8,8,7,7,6,6,10,9,8,8,6,4
Chollet Louise,0289107,Brienon/Armancon,CL U21F,10,10,9,9,8,8,10,9,8,8,7,6,10,9,9,8,6,6,9,7,7,7,7,6,10,8,8,7,5,5,9,9,8,8,8,6
Seychal Lena,0163157,Riom,CL U18F,9,8,7,7,6,5,10,8,8,7,7,5,10,9,8,8,7,6,10,10,9,9,8,8,10,8,8,8,7,6,10,9,9,9,7,6
Seychal Lena,0163157,Riom,CL U18F,9,9,9,9,9,7,9,9,8,8,8,5,9,9,8,8,7,5,9,9,8,8,8,7,X,9,9,7,7,7,9,9,8,8,8,6
Durel Jeanne,0335067,Rennes Cie,CL S1F,9,9,8,8,8,7,10,10,9,8,7,5,9,8,8,7,7,6,10,9,8,7,6,5,X,9,9,8,8,7,10,9,9,8,8,4
Durel Jeanne,0335067,Rennes Cie,CL S1F,10,9,9,8,8,8,X,10,10,8,8,6,9,9,7,6,6,5,8,8,7,7,6,4,X,10,8,8,6,4,10,8,6,6,5,M
Parnat Reena,0289107,Brienon/Armancon,CL S1F,X,X,10,9,8,8,10,10,10,9,8,7,10,10,9,8,8,8,10,10,9,7,6,5,10,9,9,9,9,8,10,10,9,8,8,8
Parnat Reena,0289107,Brienon/Armancon,CL S1F,X,10,9,9,9,8,10,10,10,9,9,8,X,9,9,9,9,8,10,9,9,7,7,6,10,10,9,9,9,8,X,9,9,8,7,M
Cohendet Angeline,0169178,Brignais,CL S1F,10,10,9,9,9,8,9,9,9,8,8,8,9,9,9,9,8,8,X,X,9,9,8,8,9,9,9,9,9,6,X,X,9,9,8,7
Cohendet Angeline,0169178,Brignais,CL S1F,10,9,8,8,8,8,10,10,9,9,8,8,X,10,10,9,9,8,10,9,9,9,8,8,X,X,9,9,9,8,10,10,9,9,9,8
Idensen Elina,0335067,Rennes Cie,CL S1F,10,9,9,8,8,8,10,10,9,9,8,8,10,9,9,8,8,7,10,9,9,9,8,8,10,10,9,9,9,8,X,10,9,9,8,7
Idensen Elina,0335067,Rennes Cie,CL S1F,10,9,9,9,7,7,X,9,9,9,9,9,X,10,9,9,8,5,X,10,10,9,9,9,9,9,9,8,7,7,X,10,9,8,8,7
Wonneberger Natacha,0289107,Brienon/Armancon,CL S1F,X,10,9,9,7,7,9,9,9,8,8,7,9,9,8,8,8,6,X,8,8,7,7,7,X,10,9,9,9,8,X,9,9,9,8,8
Wonneberger Natacha,0289107,Brienon/Armancon,CL S1F,9,9,9,9,8,7,10,9,9,8,8,7,X,10,9,9,8,8,10,9,9,9,8,8,X,9,9,8,8,6,9,8,8,8,8,7
Regis Stephanie,0169178,Brignais,CL S2F,10,9,8,7,6,6,9,9,8,8,7,5,9,9,8,7,7,5,9,9,8,7,6,5,10,10,9,8,8,6,X,9,8,8,8,5
Regis Stephanie,0169178,Brignais,CL S2F,9,8,7,7,7,6,10,9,9,8,7,4,9,9,8,8,7,4,10,9,9,8,7,7,10,9,8,8,6,6,10,9,9,8,7,7
Berce Marie,0760171,Compiegne,CL S1F,10,10,8,8,7,5,X,9,9,8,8,8,10,9,7,7,7,4,X,10,9,9,8,5,10,9,9,8,8,7,10,9,8,8,7,7
Berce Marie,0760171,Compiegne,CL S1F,X,10,9,7,6,6,X,9,9,8,8,7,10,10,10,9,9,9,X,X,10,10,8,8,8,8,7,7,6,4,10,10,10,10,9,4
Peslier Eugenie,0289107,Brienon/Armancon,CL S1F,10,9,8,8,7,6,X,10,9,8,8,6,10,10,9,9,8,8,9,9,7,6,6,6,X,10,10,9,8,7,10,10,8,8,7,5
Peslier Eugenie,0289107,Brienon/Armancon,CL S1F,10,10,10,9,9,9,X,10,10,9,7,6,X,10,10,9,8,8,9,8,8,6,5,5,9,9,7,6,6,6,10,9,9,8,8,7
Rogazy Berangere,0169178,Brignais,CL S1F,10,10,9,9,7,7,X,10,9,8,8,6,9,9,9,9,8,6,X,10,9,9,9,7,10,9,9,9,9,8,9,9,8,8,7,7
Rogazy Berangere,0169178,Brignais,CL S1F,X,10,9,8,8,7,X,9,9,8,8,7,X,10,10,10,8,4,10,9,9,8,8,7,10,9,8,8,8,8,X,10,9,9,7,6
Berguin Manon,0760171,Compiegne,CL S1F,9,9,9,9,7,6,9,9,8,8,8,6,9,9,9,9,8,8,9,9,9,9,8,7,9,9,8,8,8,7,10,9,8,8,7,7
Berguin Manon,0760171,Compiegne,CL S1F,X,10,9,8,6,6,X,10,9,9,9,7,10,10,9,8,7,6,9,9,8,8,7,6,10,9,8,8,8,8,9,9,9,8,8,8
Bresson Celia,0892203,Issy Les Moulineaux,CL S1F,9,8,7,6,6,5,X,10,9,9,5,5,9,8,8,8,6,5,9,9,9,8,8,5,10,9,9,8,7,7,X,X,10,9,7,6
Bresson Celia,0892203,Issy Les Moulineaux,CL S1F,9,9,8,8,7,6,10,10,9,8,7,7,9,9,8,8,8,8,10,9,9,8,8,7,10,9,8,7,7,7,10,10,8,8,7,7
Vignon Anais,0169178,Brignais,CL S1F,9,9,9,8,7,7,X,9,9,8,8,7,10,9,9,8,8,8,9,9,9,8,8,7,10,10,9,8,8,7,10,10,9,9,8,8
Vignon Anais,0169178,Brignais,CL S1F,10,10,9,8,8,7,10,10,9,8,8,8,X,10,10,10,9,7,9,9,9,8,8,7,10,10,9,9,9,8,9,9,8,8,7,7
Botte Louise,0760171,Compiegne,CL S1F,9,9,8,8,8,8,10,10,9,8,7,6,10,10,9,7,6,4,10,9,9,9,9,8,9,9,8,8,8,7,10,9,9,9,8,7
Botte Louise,0760171,Compiegne,CL S1F,10,9,9,8,7,4,10,10,9,9,9,6,9,9,9,9,8,8,9,9,9,8,7,6,X,10,9,8,8,7,X,9,8,8,7,7
Devaux Jennifer,0892203,Issy Les Moulineaux,CL S1F,9,9,9,9,8,8,10,9,8,8,8,8,X,10,9,8,7,5,X,10,9,9,9,8,X,10,9,9,8,8,9,9,8,8,8,8
Devaux Jennifer,0892203,Issy Les Moulineaux,CL S1F,10,9,9,9,8,6,10,9,9,9,9,9,10,9,9,7,7,7,9,9,9,9,8,8,X,8,8,8,7,7,10,10,10,9,7,7
Pringez Camille,0169178,Brignais,CL S1F,9,9,9,9,8,7,10,9,9,8,7,6,9,9,8,7,7,7,10,9,9,8,8,5,10,9,9,8,8,7,X,10,10,9,9,7
Pringez Camille,0169178,Brignais,CL S1F,10,9,9,9,8,7,9,9,8,8,8,7,X,9,9,8,8,7,X,9,8,8,8,5,10,8,8,7,6,6,9,9,9,8,8,8
Poitevin Coppieters  De Tergon Jade,0760171,Compiegne,CL U18F,10,10,9,8,8,8,9,9,8,8,8,5,9,9,8,8,8,7,X,8,7,7,7,6,10,9,9,8,7,5,10,9,8,8,7,6
Poitevin Coppieters  De Tergon Jade,0760171,Compiegne,CL U18F,10,10,9,9,9,8,X,9,8,8,8,7,X,10,9,7,6,1,9,9,9,8,8,7,9,9,9,9,9,6,10,9,9,8,8,6
Scheppers Madison,0892203,Issy Les Moulineaux,CL S1F,X,9,9,9,8,8,10,9,9,9,9,7,X,9,9,8,8,8,10,10,8,8,8,7,9,9,8,8,8,8,X,9,9,8,8,7
Scheppers Madison,0892203,Issy Les Moulineaux,CL S1F,9,9,9,9,9,8,X,X,9,9,8,7,10,10,10,9,8,7,X,9,9,9,7,6,10,9,9,9,8,8,9,9,9,9,8,8
Beranek Constance,0610019,Arcis Sur Aube,CL U21F,8,7,7,6,5,M,X,8,6,6,6,6,9,8,8,6,5,5,X,10,8,7,6,5,9,9,9,8,8,7,8,7,7,7,6,3
Beranek Constance,0610019,Arcis Sur Aube,CL U21F,X,9,7,7,7,7,10,9,8,8,7,7,9,9,9,9,8,6,10,10,9,7,6,5,9,8,7,7,6,5,9,8,7,6,5,5
Chesse Alizee,0893225,Neuilly Sur Marne,CL S1F,10,9,8,7,7,6,10,9,8,7,6,6,10,9,9,9,8,7,9,9,9,9,8,7,10,9,9,8,8,5,8,8,8,8,6,4
Chesse Alizee,0893225,Neuilly Sur Marne,CL S1F,X,9,9,8,7,7,10,9,8,7,7,4,9,8,8,8,7,7,9,9,8,7,6,5,9,8,8,6,5,4,X,9,8,7,7,4
Villard Laurena,0892203,Issy Les Moulineaux,CL S1F,9,9,9,8,8,7,9,9,8,7,6,6,10,10,10,8,7,4,9,9,9,9,8,7,10,9,9,9,9,9,9,9,9,9,7,6
Villard Laurena,0892203,Issy Les Moulineaux,CL S1F,10,10,9,9,9,8,10,9,9,8,8,8,10,10,10,9,9,7,10,9,8,8,7,7,10,10,9,8,8,7,9,9,8,8,8,6
Horackova Marie,0610019,Arcis Sur Aube,CL S1F,X,9,9,9,9,7,X,X,10,9,9,7,10,9,9,8,8,8,10,10,10,9,9,9,10,10,10,9,9,9,10,10,10,10,9,8
Horackova Marie,0610019,Arcis Sur Aube,CL S1F,X,X,10,10,9,8,10,10,10,10,9,8,10,10,9,9,9,9,X,10,10,9,9,5,10,9,9,9,9,6,10,10,9,9,9,9
Ferriou Carole,0893225,Neuilly Sur Marne,CL S2F,10,9,9,9,8,5,9,8,8,8,7,6,9,9,8,7,7,6,10,9,9,9,9,8,9,8,8,7,7,6,9,9,7,7,6,5
Ferriou Carole,0893225,Neuilly Sur Marne,CL S2F,10,10,9,8,7,7,9,9,9,8,8,7,9,8,8,7,6,6,10,8,8,7,7,6,X,9,8,8,8,5,10,9,9,9,8,7
Le Saux Lucie,0892203,Issy Les Moulineaux,CL S1F,9,9,8,7,6,6,8,6,5,3,2,2,10,9,9,8,7,6,9,9,8,8,6,5,10,8,8,7,7,6,10,9,9,9,7,4
Le Saux Lucie,0892203,Issy Les Moulineaux,CL S1F,10,10,9,8,8,7,8,8,7,6,6,M,10,9,9,8,7,6,9,8,8,8,8,4,7,7,7,7,5,5,X,9,9,8,7,7
Machinet Audrey,0610019,Arcis Sur Aube,CL S1F,X,9,9,8,8,5,X,9,8,7,4,3,X,9,8,8,8,7,10,10,9,8,8,1,X,X,X,9,8,6,9,9,9,9,9,8
Machinet Audrey,0610019,Arcis Sur Aube,CL S1F,10,10,9,9,8,8,10,9,9,8,8,8,X,9,9,9,8,7,10,10,9,9,9,8,9,9,8,7,6,2,9,9,9,9,7,6
Lejeune Marie,0893225,Neuilly Sur Marne,CL S1F,10,10,9,9,9,9,10,9,9,9,7,6,10,10,9,9,8,8,X,10,10,9,9,8,10,9,9,9,8,8,10,10,9,9,9,8
Lejeune Marie,0893225,Neuilly Sur Marne,CL S1F,10,9,9,8,8,7,X,10,9,9,9,8,10,10,9,9,8,8,9,9,9,9,8,8,10,9,9,9,9,8,10,9,9,9,9,7
Bless Solenn,0950072,Cherbourg En Cotentin,CL S1F,9,9,9,8,8,8,10,9,9,8,7,7,8,8,7,7,7,M,10,10,10,9,9,8,X,10,9,9,8,8,10,10,8,8,8,M
Bless Solenn,0950072,Cherbourg En Cotentin,CL S1F,X,9,9,8,8,8,10,10,9,9,8,8,9,9,8,8,8,7,9,9,9,9,8,7,X,10,9,9,8,7,9,8,8,7,7,6
Machinet Melanie,0610019,Arcis Sur Aube,CL S1F,9,9,9,9,9,8,8,7,6,5,5,4,10,9,7,7,6,3,10,10,9,6,5,4,10,9,9,8,6,6,10,9,8,7,5,4
Machinet Melanie,0610019,Arcis Sur Aube,CL S1F,9,7,7,7,7,6,X,10,6,5,4,2,10,10,8,8,7,4,10,9,8,6,6,6,9,9,8,7,7,6,X,9,7,6,6,1
Valour Delphine,0893225,Neuilly Sur Marne,CL S2F,10,9,9,8,8,7,X,9,8,8,7,6,X,9,7,7,7,5,9,9,8,7,7,6,9,9,8,8,7,7,10,9,8,8,7,5
Valour Delphine,0893225,Neuilly Sur Marne,CL S2F,9,9,9,8,8,8,9,9,9,9,7,5,X,9,8,8,8,7,10,10,9,8,8,6,10,9,9,8,8,7,9,9,8,8,7,7
Blondel Elisa,0950072,Cherbourg En Cotentin,CL S1F,X,9,9,9,9,8,9,9,9,9,8,6,9,9,9,8,7,6,10,9,9,8,8,8,10,9,9,8,8,7,X,10,10,8,8,7
Blondel Elisa,0950072,Cherbourg En Cotentin,CL S1F,10,9,9,9,9,6,10,8,8,8,7,5,10,10,10,9,9,9,10,9,8,8,8,5,X,10,9,8,7,7,10,10,9,9,8,6
Alart Margaux,1166191,Perpignan,CL S1F,10,9,8,8,7,7,10,10,8,7,6,3,10,10,10,8,7,7,10,9,8,8,7,7,9,9,7,7,6,5,10,7,7,6,6,4
Alart Margaux,1166191,Perpignan,CL S1F,X,X,10,7,7,7,X,9,9,7,7,7,X,9,9,7,6,6,10,9,9,8,8,5,9,8,7,7,7,6,X,9,9,8,7,6
Bloch Emily,1313051,Marseille,CL S2F,9,9,9,9,8,8,X,9,8,8,7,5,9,9,9,7,7,6,9,8,7,6,6,5,9,9,9,7,7,7,9,8,8,7,7,5
Bloch Emily,1313051,Marseille,CL S2F,X,9,7,7,6,4,9,7,7,7,6,4,9,8,8,8,7,7,10,10,9,9,8,8,9,9,8,8,7,7,9,8,8,7,7,7
Fouace-Peoux Alexandra,0950072,Cherbourg En Cotentin,CL S2F,9,9,8,7,7,6,X,9,7,7,6,6,9,9,8,8,7,7,10,9,8,8,8,7,8,8,8,8,7,6,9,9,9,8,8,5
Fouace-Peoux Alexandra,0950072,Cherbourg En Cotentin,CL S2F,9,9,7,7,6,M,10,10,10,9,9,8,10,9,9,9,8,1,10,9,8,8,5,5,10,9,9,8,7,6,10,9,8,8,7,6
Chesnais Claire,1166191,Perpignan,CL S1F,X,10,10,6,6,6,X,8,7,5,2,M,9,7,7,5,4,3,9,8,7,7,6,6,8,8,7,7,5,2,9,8,7,7,6,6
Chesnais Claire,1166191,Perpignan,CL S1F,9,9,8,8,8,6,X,9,8,7,6,4,9,9,8,8,6,5,10,8,8,7,5,4,9,8,4,3,2,1,8,8,7,6,6,3
Glemet Ophelie,1313051,Marseille,CL S1F,9,9,9,9,8,8,X,9,9,8,8,6,10,9,9,9,7,5,X,9,9,9,9,8,10,10,9,8,8,7,10,10,10,9,8,5
Glemet Ophelie,1313051,Marseille,CL S1F,X,10,10,10,9,8,10,10,8,8,8,7,X,10,9,9,8,7,X,9,9,9,9,9,9,9,9,8,7,7,10,9,9,8,8,8
Lacoume Marlene,0950072,Cherbourg En Cotentin,CL S2F,9,9,8,8,7,6,9,8,8,7,7,6,10,9,8,8,7,6,X,X,9,9,8,7,9,8,8,8,5,5,9,9,9,9,8,7
Lacoume Marlene,0950072,Cherbourg En Cotentin,CL S2F,10,9,8,8,7,7,X,9,8,8,7,7,10,9,9,7,7,6,10,9,9,9,7,4,10,9,8,8,6,5,9,9,8,8,8,7
Pernot Clara,1166191,Perpignan,CL S1F,7,6,6,6,5,M,10,9,9,7,6,2,10,8,7,5,5,3,9,8,8,7,7,1,10,9,7,6,6,3,10,8,8,7,6,4
Pernot Clara,1166191,Perpignan,CL S1F,X,9,7,6,4,2,9,7,7,5,3,M,9,8,8,6,1,M,10,8,8,7,6,2,9,8,8,7,5,5,X,10,8,5,5,4
Ruggieri Laura,1313051,Marseille,CL S1F,X,X,X,9,9,5,X,8,8,7,6,6,X,10,9,9,8,6,9,9,8,8,7,6,X,10,9,9,8,7,9,9,9,8,7,3
Ruggieri Laura,1313051,Marseille,CL S1F,10,9,8,8,7,7,9,9,8,8,8,4,9,9,8,8,7,7,10,9,9,8,7,6,8,7,7,6,6,5,9,8,7,7,6,6
Bassimon Lou,0762288,Monchy Au Bois,CL S1F,X,8,8,6,6,5,9,9,8,8,5,4,10,9,9,8,7,6,9,9,7,7,6,6,9,9,8,8,7,5,10,9,8,8,8,4
Bassimon Lou,0762288,Monchy Au Bois,CL S1F,8,8,8,7,7,7,8,8,7,7,7,6,10,10,9,8,6,4,9,8,7,7,5,4,X,9,9,8,6,6,X,9,7,7,7,6
Bardary Marion,1033110,Auros,CL S1F,9,9,9,8,8,8,X,10,10,9,9,8,10,9,9,8,8,7,9,9,9,8,8,7,10,10,9,9,8,7,X,10,10,10,9,8
Bardary Marion,1033110,Auros,CL S1F,10,10,9,9,7,7,10,10,9,9,9,8,X,9,8,8,7,7,10,10,9,8,8,7,X,10,8,8,7,7,X,10,10,8,8,8
Constantin Alizee,1285122,Fontenay Le Comte,CL S1F,10,9,9,9,7,5,9,8,7,6,6,4,9,8,8,7,7,5,10,9,9,8,8,6,X,9,8,7,7,6,10,8,8,7,7,6
Constantin Alizee,1285122,Fontenay Le Comte,CL S1F,9,9,8,8,8,7,9,8,8,7,7,6,9,8,7,7,5,5,8,8,7,6,5,3,8,8,7,7,7,2,8,8,7,7,5,5
Braule Camille,0762288,Monchy Au Bois,CL U21F,8,6,5,5,5,4,10,8,8,6,6,5,9,8,7,7,7,M,9,9,8,7,7,4,8,8,6,6,5,5,8,8,7,6,5,5
Braule Camille,0762288,Monchy Au Bois,CL U21F,9,8,6,6,6,6,9,8,7,7,5,4,10,8,7,6,6,6,X,X,8,7,7,3,10,9,7,5,5,1,9,9,8,6,6,4
Laporte Pauline,1033110,Auros,CL S1F,X,9,9,9,8,8,9,9,8,8,8,7,10,9,9,8,8,6,10,9,8,8,7,7,10,10,8,8,7,3,X,9,8,7,7,6
Laporte Pauline,1033110,Auros,CL S1F,9,9,9,9,8,6,9,9,8,8,7,1,X,9,8,7,7,5,10,9,8,7,7,7,8,7,7,7,6,5,10,9,9,8,7,5
Constantin Ambre,1285122,Fontenay Le Comte,CL U21F,9,8,7,7,7,6,9,8,8,7,4,2,9,9,8,7,6,1,9,9,9,6,6,6,9,8,7,7,6,6,9,7,6,5,4,4
Constantin Ambre,1285122,Fontenay Le Comte,CL U21F,10,8,7,7,7,3,9,9,8,8,7,2,8,6,6,6,6,6,10,8,8,7,3,3,8,6,5,5,4,M,7,7,6,5,5,M
Francois Charlotte,0762288,Monchy Au Bois,CL U18F,8,7,6,5,5,M,8,7,6,6,5,3,10,7,6,6,4,M,10,9,9,8,7,5,9,9,9,8,8,6,9,9,7,6,5,5
Francois Charlotte,0762288,Monchy Au Bois,CL U18F,9,7,6,6,4,4,10,9,8,7,6,5,9,9,7,7,3,1,9,8,8,8,7,6,9,8,8,6,6,4,X,9,6,6,6,4
Michel Julie,1033110,Auros,CL S1F,8,8,7,6,5,5,X,9,8,8,7,6,10,8,7,7,6,4,9,9,9,8,7,6,9,8,8,6,5,M,X,8,7,5,5,M
Michel Julie,1033110,Auros,CL S1F,9,6,6,5,5,4,9,9,9,8,7,4,9,8,8,8,6,6,X,10,9,8,8,5,9,9,7,7,6,5,8,8,7,7,6,5
Constantin Mylene,1285122,Fontenay Le Comte,CL S2F,8,8,7,6,5,4,10,9,8,7,7,M,9,8,8,7,7,6,9,9,8,7,7,5,10,10,9,8,7,5,X,10,8,8,8,7
Constantin Mylene,1285122,Fontenay Le Comte,CL S2F,9,9,8,8,7,7,X,9,9,9,9,4,9,8,8,8,8,8,10,9,9,8,8,6,X,9,8,8,7,6,8,8,6,6,6,5
Mercher Justine,0762288,Monchy Au Bois,CL S1F,9,9,9,9,7,5,X,8,8,6,5,M,9,9,6,5,5,3,10,8,8,7,7,4,8,8,7,7,7,4,9,7,6,M,M,M
Mercher Justine,0762288,Monchy Au Bois,CL S1F,X,10,9,8,7,7,9,8,7,7,7,2,X,9,9,8,M,M,9,8,8,7,6,5,8,7,7,7,7,6,9,9,8,7,7,7
Szostak Leeloo,1033110,Auros,CL U21F,10,9,7,6,6,6,10,9,9,7,6,3,8,7,7,6,5,4,9,9,8,8,7,7,10,9,9,8,7,6,10,8,8,7,7,6
Szostak Leeloo,1033110,Auros,CL U21F,9,9,8,8,7,7,X,10,8,7,7,5,10,10,10,9,6,5,9,8,8,8,7,5,9,8,8,8,7,4,10,9,9,9,8,7
Covillers Emma,1285122,Fontenay Le Comte,CL S1F,8,8,6,6,5,4,10,9,6,6,6,3,9,8,6,6,5,4,X,8,8,8,7,7,8,6,5,5,5,3,9,8,7,7,6,6
Covillers Emma,1285122,Fontenay Le Comte,CL S1F,9,9,8,7,7,7,9,9,8,8,7,6,9,8,8,8,7,7,10,8,7,4,2,M,8,7,7,5,4,3,9,8,7,5,4,4
Randriantsara Lai-Tsan,3597022,Saint Denis De La Reunion,CL U21F,X,10,9,8,7,7,10,10,10,8,8,8,10,8,8,8,8,5,10,10,9,9,8,6,X,9,9,9,9,7,10,9,9,8,7,6
Randriantsara Lai-Tsan,3597022,Saint Denis De La Reunion,CL U21F,X,X,9,9,8,7,X,10,9,9,8,8,X,X,10,9,9,8,X,X,9,8,8,7,X,9,9,9,7,7,10,10,9,9,8,7
Guedj Aurelie,1016003,Ruelle Sur Touvre,CL S1F,9,9,9,7,6,6,8,8,8,7,6,5,9,8,8,5,5,4,10,10,9,9,8,7,9,9,9,8,8,6,9,8,8,8,6,M
Guedj Aurelie,1016003,Ruelle Sur Touvre,CL S1F,X,9,8,8,7,7,10,10,9,8,6,5,9,9,9,8,7,7,10,10,9,9,8,7,8,8,8,7,6,6,10,9,9,8,7,7
Belibi-Mbassi Eleanor,0891175,Draveil Senart,CL U18F,10,7,6,6,5,4,8,7,7,7,6,5,10,9,9,8,8,7,10,10,9,9,9,8,10,10,10,9,8,7,9,9,9,8,7,6
Belibi-Mbassi Eleanor,0891175,Draveil Senart,CL U18F,X,9,9,9,8,8,9,9,9,9,8,8,9,9,9,9,8,7,X,9,9,9,9,8,9,9,9,8,8,5,X,9,9,9,9,6
Joussaume Thierry,1249050,Cholet Tac,CO S2H,10,10,10,9,9,9,10,10,9,8,8,8,10,10,9,9,9,9,10,10,10,9,8,8,X,10,10,10,9,9,X,10,10,10,10,10
Joussaume Thierry,1249050,Cholet Tac,CO S2H,X,10,10,10,10,9,10,10,9,9,9,8,X,10,9,9,9,9,10,10,9,9,9,6,X,10,10,9,9,8,10,10,10,9,8,8
Cailleaud Anthony,0437083,St Avertin,CO S1H,10,10,9,9,9,8,X,10,10,10,10,9,X,10,10,9,9,9,10,9,9,9,9,9,X,X,10,10,9,9,X,X,X,10,9,9
Cailleaud Anthony,0437083,St Avertin,CO S1H,X,10,10,10,10,10,X,10,10,9,9,8,X,10,10,9,9,9,X,X,X,9,9,8,X,X,X,10,9,8,X,10,9,9,9,8
Bouleau Victor,0760197,Beauvais,CO S1H,10,10,10,9,9,9,X,10,10,10,10,9,X,X,X,10,9,9,X,X,X,10,10,9,10,10,10,10,9,9,X,X,10,10,10,10
Bouleau Victor,0760197,Beauvais,CO S1H,X,X,10,10,9,8,X,10,10,10,9,8,X,X,10,10,10,10,X,X,10,10,9,9,X,X,10,10,10,9,X,X,X,10,9,9
Julien Simon,0335067,Rennes Cie,CO S1H,X,10,10,9,9,9,10,10,9,9,9,8,10,9,9,8,8,7,10,10,9,9,9,9,X,10,10,10,9,8,X,X,9,9,9,7
Julien Simon,0335067,Rennes Cie,CO S1H,X,X,9,9,9,9,X,10,10,10,10,9,X,10,10,10,9,9,X,10,9,8,8,7,X,10,10,9,8,7,X,10,10,10,9,8
Vandercamere Maxime,0892193,Rueil Malmaison Star,CO S2H,X,10,9,9,9,8,10,10,9,9,9,9,X,X,X,9,9,9,10,10,9,9,9,8,X,10,10,9,9,9,X,10,10,9,9,9
Vandercamere Maxime,0892193,Rueil Malmaison Star,CO S2H,X,10,9,9,8,8,X,10,10,10,9,9,X,X,10,10,9,9,X,X,10,10,9,8,X,X,X,10,9,9,10,9,9,8,8,8
Espeu Ewen,0437083,St Avertin,CO S1H,X,10,10,9,9,9,X,10,10,9,9,9,10,10,9,9,9,8,X,10,10,9,9,8,X,10,9,9,9,8,X,10,10,10,9,9
Espeu Ewen,0437083,St Avertin,CO S1H,X,10,9,9,9,9,10,10,10,9,9,9,X,10,9,9,9,9,X,10,10,9,9,9,10,9,9,9,9,9,X,X,10,9,8,8
Angot Corentin,0335067,Rennes Cie,CO S1H,9,9,9,9,9,8,X,X,X,X,9,9,X,10,9,9,9,9,10,10,9,9,9,9,10,10,10,9,9,8,X,X,9,9,9,6
Angot Corentin,0335067,Rennes Cie,CO S1H,X,X,10,10,9,8,X,X,9,9,9,8,X,X,10,10,10,10,X,10,10,9,9,8,10,10,9,9,9,9,10,10,9,9,9,9
Alouani Neil,0892193,Rueil Malmaison Star,CO S1H,10,9,9,9,9,8,10,10,10,9,9,8,X,10,9,9,9,8,10,9,9,9,9,8,10,10,9,8,8,8,10,9,9,9,9,9
Alouani Neil,0892193,Rueil Malmaison Star,CO S1H,X,10,9,9,9,9,X,10,10,9,9,9,10,10,9,9,9,8,X,10,10,10,9,9,X,X,10,9,9,8,X,X,10,9,9,8
Charaudeau Alexis,1313090,St Martin De Crau,CO S1H,X,10,9,9,9,8,X,X,10,9,9,9,X,10,10,10,9,9,X,10,10,9,9,9,X,10,9,9,8,8,X,10,10,9,9,8
Charaudeau Alexis,1313090,St Martin De Crau,CO S1H,X,10,10,10,10,9,10,9,9,9,9,8,X,10,10,10,9,9,X,X,10,10,9,9,X,10,10,10,9,9,X,X,10,10,10,9
Baraer Quentin,0335067,Rennes Cie,CO S1H,X,10,10,10,10,8,X,X,10,9,9,9,X,10,10,9,9,9,X,10,10,10,9,9,X,X,10,9,9,9,10,10,10,9,9,9
Baraer Quentin,0335067,Rennes Cie,CO S1H,X,X,X,X,10,9,10,10,10,10,10,9,X,X,10,9,9,9,X,10,10,10,9,9,X,X,X,10,10,9,X,10,10,9,9,9
Boulch Jean Philippe,0892193,Rueil Malmaison Star,CO S1H,X,X,10,10,10,10,X,X,X,10,10,9,X,10,9,9,9,9,X,X,X,X,X,10,10,10,10,10,10,9,X,X,X,X,X,10
Boulch Jean Philippe,0892193,Rueil Malmaison Star,CO S1H,X,X,X,X,9,9,X,X,10,10,10,9,X,10,10,10,10,9,X,X,X,X,10,9,X,X,10,10,9,9,X,10,10,10,9,9
Girard Nicolas,1313090,St Martin De Crau,CO S1H,X,10,10,10,9,9,X,X,10,10,9,9,X,X,X,10,10,9,X,X,X,10,10,10,X,X,10,10,10,7,X,X,X,10,10,9
Girard Nicolas,1313090,St Martin De Crau,CO S1H,X,X,10,10,10,9,X,X,X,10,10,8,X,X,10,10,10,6,X,X,10,10,10,9,X,X,10,10,9,9,X,X,X,X,10,9
Dubois Francois,0335067,Rennes Cie,CO S1H,X,10,10,9,9,9,10,10,10,10,10,9,X,X,X,X,10,10,X,10,10,10,10,9,X,10,10,10,9,9,X,X,10,10,9,9
Dubois Francois,0335067,Rennes Cie,CO S1H,10,10,9,9,9,9,X,X,X,10,10,9,X,10,10,10,10,10,X,X,X,X,10,9,X,X,X,X,10,9,10,10,10,9,9,9
Delobelle Fabien,0892193,Rueil Malmaison Star,CO S2H,X,X,10,10,9,9,10,10,10,10,9,9,X,X,10,10,10,10,10,10,10,10,9,9,X,X,X,10,10,10,X,X,10,10,10,9
Delobelle Fabien,0892193,Rueil Malmaison Star,CO S2H,X,X,10,10,9,9,X,X,10,10,10,9,X,10,9,9,9,9,X,10,10,10,9,9,X,X,X,10,10,8,X,X,X,X,9,9
Lorthioir Yann,1313090,St Martin De Crau,CO S1H,X,X,X,9,9,9,X,X,X,10,9,9,X,10,10,10,10,9,X,X,10,9,9,9,X,X,10,9,9,8,X,X,10,10,9,9
Lorthioir Yann,1313090,St Martin De Crau,CO S1H,X,X,10,10,9,9,X,X,10,10,10,9,X,10,10,9,9,9,10,10,9,9,9,9,X,10,10,10,10,9,X,10,10,9,9,9
Dupuis Anthony,0335067,Rennes Cie,CO S1H,X,X,10,10,10,9,10,10,9,9,9,9,X,10,9,9,9,8,X,10,10,9,9,9,X,10,9,9,9,8,X,10,10,10,10,8
Dupuis Anthony,0335067,Rennes Cie,CO S1H,X,X,X,9,9,9,X,X,10,9,9,9,X,X,X,10,10,9,X,X,9,9,9,9,10,10,10,9,9,9,X,10,10,10,9,9
Moine Maxence,0892193,Rueil Malmaison Star,CO S1H,X,X,10,9,9,8,X,X,10,10,10,9,X,10,9,9,8,8,X,10,10,10,9,9,X,10,10,9,9,9,X,10,10,9,9,9
Moine Maxence,0892193,Rueil Malmaison Star,CO S1H,X,10,10,10,10,9,10,10,10,9,9,8,10,10,9,9,9,9,X,X,10,10,10,9,X,X,10,10,9,9,X,10,10,9,9,8
Parpillon Julien,1313090,St Martin De Crau,CO S1H,X,10,9,9,8,8,X,10,10,9,9,9,X,X,10,9,9,9,X,X,10,10,9,9,X,10,9,9,8,8,X,X,10,9,9,8
Parpillon Julien,1313090,St Martin De Crau,CO S1H,X,10,10,9,9,9,10,10,9,9,9,8,10,10,10,10,10,9,X,10,10,10,9,9,X,X,10,10,9,9,10,10,10,9,9,9
Art Matteo,0760171,Compiegne,CO U21H,X,10,10,9,9,9,X,10,10,9,8,8,X,10,9,9,9,8,10,10,10,9,9,9,10,10,10,9,9,9,X,10,10,10,9,9
Art Matteo,0760171,Compiegne,CO U21H,10,10,10,10,9,9,10,10,10,10,9,9,X,10,10,10,9,8,X,10,10,9,9,9,X,10,9,9,9,9,X,10,10,9,9,8
Chauveau Baptiste,1016003,Ruelle Sur Touvre,CO S1H,X,X,10,10,10,9,X,10,9,9,9,7,X,X,X,10,10,9,10,9,9,9,9,8,X,9,9,9,9,8,X,10,10,9,9,9
Chauveau Baptiste,1016003,Ruelle Sur Touvre,CO S1H,X,10,10,10,10,9,X,10,9,9,9,9,X,X,10,10,9,9,X,X,10,10,9,9,X,9,9,9,9,8,X,X,X,9,9,9
Guerin Maxime,0221014,Dijon,CO S1H,X,10,10,10,10,9,X,10,10,10,9,8,X,X,10,10,9,8,X,X,10,10,10,9,10,10,9,9,8,7,X,X,X,9,9,8
Guerin Maxime,0221014,Dijon,CO S1H,X,X,X,X,9,9,X,10,10,10,9,9,X,10,10,10,9,9,X,X,10,10,10,9,X,10,9,9,9,9,10,9,9,8,8,8
Ganne Thierry,0760171,Compiegne,CO S3H,X,9,9,9,9,8,X,9,9,8,8,7,X,9,9,9,9,9,10,9,9,9,8,8,10,10,9,9,9,9,X,10,9,9,8,8
Ganne Thierry,0760171,Compiegne,CO S3H,X,X,10,10,9,8,10,9,9,9,9,7,10,9,9,8,8,8,10,9,9,9,9,8,10,10,9,9,9,8,X,9,9,9,9,9
Peyrondet Francois,1016003,Ruelle Sur Touvre,CO S2H,X,10,10,9,9,9,X,10,9,9,9,8,X,10,10,10,9,9,X,X,X,9,9,9,X,10,9,9,9,9,10,10,10,9,9,8
Peyrondet Francois,1016003,Ruelle Sur Touvre,CO S2H,X,X,10,10,9,9,X,9,9,9,9,8,X,10,9,9,9,8,X,10,10,9,9,9,10,9,9,9,9,8,X,10,9,9,8,8
Lamarche Thomas,0221014,Dijon,CO S1H,10,9,9,9,8,8,10,10,10,9,9,9,X,10,9,9,8,8,X,10,9,9,9,9,X,X,10,9,9,8,10,9,9,9,9,9
Lamarche Thomas,0221014,Dijon,CO S1H,10,9,9,9,9,8,10,9,9,9,8,8,X,10,10,10,9,9,X,10,9,9,9,9,10,9,9,9,9,9,X,9,9,9,8,7
Humetz Guillaume,0760171,Compiegne,CO S2H,X,X,10,10,10,10,X,10,10,9,9,8,X,10,10,9,9,9,X,10,9,9,9,9,X,10,9,9,9,8,X,X,10,9,9,8
Humetz Guillaume,0760171,Compiegne,CO S2H,X,X,10,10,10,9,X,X,10,10,10,9,X,X,X,10,10,7,10,10,9,9,8,8,10,10,9,9,9,9,10,10,10,9,9,9
Saunier Francois,1016003,Ruelle Sur Touvre,CO S2H,10,10,10,9,9,9,10,9,9,9,9,8,X,X,X,10,9,9,X,X,9,9,9,9,X,X,X,10,9,8,10,10,10,9,9,9
Saunier Francois,1016003,Ruelle Sur Touvre,CO S2H,X,10,10,10,10,9,X,X,10,10,9,9,X,X,X,10,10,9,10,10,10,10,9,9,X,10,10,9,9,9,10,9,9,9,9,8
Larpenteur Bastien,0221014,Dijon,CO S2H,X,X,10,9,9,8,10,9,9,9,9,9,X,10,10,9,9,8,X,10,10,9,9,9,X,10,9,9,9,9,10,10,9,9,9,9
Larpenteur Bastien,0221014,Dijon,CO S2H,X,10,10,9,9,9,X,X,10,9,9,8,X,10,10,9,9,8,10,10,9,9,9,9,X,10,9,9,9,8,10,10,10,9,9,8
Lecauchois Morgan,0760171,Compiegne,CO S1H,X,10,10,10,9,8,X,X,9,9,9,8,10,9,9,9,9,8,X,10,9,9,9,8,10,10,10,10,10,9,X,10,9,9,9,9
Lecauchois Morgan,0760171,Compiegne,CO S1H,X,X,X,10,9,8,X,X,10,10,9,9,X,X,X,10,10,10,X,10,10,9,9,9,X,9,9,9,9,8,X,X,X,9,9,9
Arnoux Christophe,1313078,Miramas,CO S2H,X,X,10,9,8,8,10,10,9,9,9,8,X,X,10,10,9,9,X,X,10,9,9,8,10,10,9,9,9,9,X,10,10,10,9,8
Arnoux Christophe,1313078,Miramas,CO S2H,10,10,9,9,8,7,X,10,10,9,9,9,10,10,10,9,9,8,X,10,10,9,8,8,10,9,9,9,8,7,10,9,9,9,8,8
Mangelle Mateo,0221014,Dijon,CO S1H,X,X,X,X,10,9,10,10,10,9,9,9,10,10,10,9,9,8,X,X,X,10,9,9,X,X,X,10,9,9,X,10,10,10,9,9
Mangelle Mateo,0221014,Dijon,CO S1H,X,10,10,10,10,9,X,10,10,9,9,9,X,X,10,10,10,9,X,10,10,10,9,9,X,X,10,10,9,9,X,10,10,9,9,9
Bourgeois Aymeric,0759129,Valenciennes,CO S1H,X,X,10,10,9,9,X,X,9,9,9,9,X,X,10,9,9,7,X,10,10,9,9,9,10,10,9,9,6,5,10,9,9,9,8,8
Bourgeois Aymeric,0759129,Valenciennes,CO S1H,X,X,X,9,9,9,X,10,9,9,9,8,X,X,X,9,9,8,X,X,9,9,8,8,X,10,10,9,9,9,X,X,10,9,9,9
Albanese Remy,1313078,Miramas,CO S1H,X,X,X,10,10,9,X,X,10,10,10,9,10,10,10,10,9,8,X,X,X,X,10,10,10,10,10,10,9,9,X,X,X,10,10,9
Albanese Remy,1313078,Miramas,CO S1H,X,X,10,10,9,9,X,10,10,10,9,9,X,X,10,10,10,9,X,10,10,10,9,9,10,9,9,9,9,9,X,10,10,10,9,8
Pouphile David,0221014,Dijon,CO S2H,X,9,9,9,9,7,10,10,10,9,9,8,X,10,10,10,8,8,X,9,9,9,9,8,X,X,9,8,8,8,X,10,10,10,9,8
Pouphile David,0221014,Dijon,CO S2H,X,10,9,9,8,8,X,10,9,9,9,9,X,10,9,9,9,9,X,10,10,9,9,8,10,10,10,9,9,6,X,10,9,9,9,9
Duhez Philippe,0759129,Valenciennes,CO S2H,X,X,10,9,9,9,X,X,10,10,10,9,10,9,9,9,9,9,X,X,10,10,10,9,X,10,10,9,9,9,X,10,9,9,9,9
Duhez Philippe,0759129,Valenciennes,CO S2H,10,9,9,9,9,9,X,X,X,9,9,9,X,X,10,10,9,8,X,10,9,9,9,9,10,10,10,9,9,9,X,X,X,10,9,9
Dene Axel,1313078,Miramas,CO S1H,10,10,10,10,10,10,X,X,X,10,10,9,10,10,9,9,8,8,10,9,9,9,9,9,10,10,10,10,9,8,X,10,10,10,9,9
Dene Axel,1313078,Miramas,CO S1H,X,X,X,10,9,9,X,X,X,9,9,8,X,10,10,10,10,9,X,10,9,9,9,9,X,10,10,9,9,9,10,9,9,9,9,8
Cadronet Nathan,0892199,Suresnes,CO S1H,10,9,9,9,9,9,X,10,9,9,8,8,X,X,10,9,9,8,10,9,9,9,9,8,X,10,10,9,9,9,X,9,9,9,8,8
Cadronet Nathan,0892199,Suresnes,CO S1H,X,10,10,9,9,9,X,10,10,9,8,7,X,10,10,10,9,9,10,10,10,10,9,8,10,10,9,9,9,8,X,9,9,9,8,8
Loire Guillaume,0759129,Valenciennes,CO S2H,X,10,10,10,10,8,X,X,10,9,9,9,X,10,10,9,9,9,X,10,10,9,9,9,X,10,10,10,9,8,X,X,X,9,9,9
Loire Guillaume,0759129,Valenciennes,CO S2H,X,10,10,9,9,9,X,X,10,10,10,9,X,X,10,9,9,9,10,10,9,9,9,8,X,10,10,9,9,9,X,10,9,9,9,8
Pauner Joan,1313078,Miramas,CO S1H,X,X,10,10,9,9,X,X,10,10,10,9,X,10,10,9,9,9,X,10,10,10,9,9,X,X,X,10,9,9,X,10,10,10,10,9
Pauner Joan,1313078,Miramas,CO S1H,X,10,10,10,9,9,10,10,10,9,9,9,X,X,X,10,9,9,X,X,10,10,9,9,X,X,10,10,9,9,10,10,9,9,9,8
Gerard Paul,0892199,Suresnes,CO S2H,10,10,9,9,8,8,10,10,9,9,9,9,X,X,10,10,9,9,X,X,10,9,9,9,10,10,10,9,9,6,10,10,10,9,9,9
Gerard Paul,0892199,Suresnes,CO S2H,10,10,10,9,9,9,10,10,10,9,9,8,X,10,10,9,8,8,X,X,10,10,9,9,10,10,10,10,9,9,X,10,9,9,9,8
Robert Thibault,0759129,Valenciennes,CO S1H,X,9,9,8,8,7,X,X,10,9,9,9,10,10,10,9,9,7,10,9,9,9,9,8,9,9,9,9,8,8,X,9,9,9,8,8
Robert Thibault,0759129,Valenciennes,CO S1H,10,10,10,9,9,7,X,9,9,9,9,8,X,X,9,9,8,8,9,9,9,8,7,M,10,10,10,9,9,9,10,10,8,8,9,7
Planchet Erwan,1079182,Ardin,CO S1H,X,10,10,9,9,9,X,10,9,9,8,8,10,10,9,9,9,9,X,10,10,10,9,9,X,X,X,10,9,9,X,9,9,9,9,9
Planchet Erwan,1079182,Ardin,CO S1H,X,X,9,X,8,8,10,10,10,9,9,9,10,10,9,9,8,8,10,10,10,9,9,9,X,10,10,9,9,9,10,10,10,10,9,8
Loussaut Jeremie,0892199,Suresnes,CO S1H,X,X,10,10,10,9,X,X,10,10,X,9,10,10,9,9,9,9,X,10,10,10,10,9,X,10,10,10,10,9,X,10,10,10,9,9
Loussaut Jeremie,0892199,Suresnes,CO S1H,X,10,10,10,9,9,10,10,9,9,9,7,X,X,10,10,9,9,X,X,X,10,10,9,X,10,10,9,9,8,X,X,10,10,9,9
Aranowski Rodolphe,0759129,Valenciennes,CO S2H,X,10,10,9,9,8,X,10,9,9,9,9,10,10,10,9,9,9,9,9,9,8,8,8,X,X,9,9,9,9,X,10,9,9,9,9
Aranowski Rodolphe,0759129,Valenciennes,CO S2H,X,10,10,9,9,9,X,10,9,9,9,8,X,10,10,9,9,8,10,10,9,9,9,8,10,9,9,9,9,9,10,10,9,8,8,8
Salard Gautier,1079182,Ardin,CO S1H,X,X,X,10,10,10,X,10,9,9,9,8,X,X,X,10,10,10,10,9,9,9,9,8,X,X,10,9,9,8,X,X,10,10,9,9
Salard Gautier,1079182,Ardin,CO S1H,X,10,10,9,9,8,X,10,10,10,10,9,X,X,9,9,9,9,X,10,10,9,9,9,X,10,10,9,9,9,X,X,X,X,9,9
Vigarie Gilles,0892199,Suresnes,CO S2H,X,X,10,9,9,8,X,10,9,9,9,8,10,10,9,9,9,8,10,10,9,9,8,8,X,X,9,9,9,9,X,X,10,10,10,8
Vigarie Gilles,0892199,Suresnes,CO S2H,X,10,10,9,9,9,X,X,10,9,8,8,10,9,9,9,9,8,X,10,10,9,8,6,10,10,10,9,9,8,10,10,10,9,9,8
Etienne David,0759101,Villeneuve D'ascq,CO S2H,,,,,,,,,,,,,,,,,,,,,,,,,,,,,,,,,,,,
Etienne David,0759101,Villeneuve D'ascq,CO S2H,,,,,,,,,,,,,,,,,,,,,,,,,,,,,,,,,,,,
Salard Ludovic,1079182,Ardin,CO S2H,X,10,9,8,8,6,X,10,9,9,9,9,X,X,9,9,9,9,X,X,X,10,10,9,X,10,9,9,9,9,X,10,9,9,8,8
Salard Ludovic,1079182,Ardin,CO S2H,X,X,10,10,9,8,X,X,10,10,9,9,10,10,9,9,9,8,X,10,10,9,9,8,10,10,9,9,9,7,X,X,X,X,8,7
Thieffine Julien,0892199,Suresnes,CO S2H,10,10,9,9,9,7,X,X,X,10,9,9,10,10,9,9,9,8,X,10,9,9,9,9,X,X,9,9,9,9,10,9,9,9,9,9
Thieffine Julien,0892199,Suresnes,CO S2H,10,10,10,10,9,9,X,10,10,10,9,9,X,X,10,10,9,9,10,10,10,9,9,8,X,10,10,10,9,9,10,10,10,10,9,8
Lallemant Julien,0759101,Villeneuve D'ascq,CO S1H,X,X,10,10,9,9,X,X,10,10,9,9,10,10,10,9,9,9,10,10,10,10,9,8,10,10,10,10,10,9,X,X,X,X,10,10
Lallemant Julien,0759101,Villeneuve D'ascq,CO S1H,X,X,10,10,9,9,X,X,X,10,9,9,X,X,X,X,10,9,X,10,9,9,9,9,X,10,9,9,9,9,10,10,9,9,9,9
Seris Bastien,1079182,Ardin,CO S1H,X,10,10,9,9,7,10,10,10,9,9,8,X,X,10,10,9,9,X,X,10,10,9,9,10,9,9,9,9,9,X,10,10,10,10,10
Seris Bastien,1079182,Ardin,CO S1H,X,9,9,9,9,9,X,10,10,9,8,8,X,X,10,10,9,8,X,10,9,9,9,9,X,10,9,9,9,9,X,10,9,9,9,9
Beaudroit Laurent,0169188,Lyon 8Eme,CO S2H,X,10,9,9,9,8,9,9,9,8,8,8,10,9,9,9,7,6,9,9,9,9,9,7,X,9,9,8,7,7,X,10,9,9,9,8
Beaudroit Laurent,0169188,Lyon 8Eme,CO S2H,9,9,9,8,8,7,X,X,9,9,9,9,9,9,9,9,9,8,10,9,9,9,9,8,10,9,9,9,9,7,X,X,10,9,9,8
Lemoine Frederic,0759101,Villeneuve D'ascq,CO S2H,X,10,9,9,8,7,9,9,9,8,8,7,10,9,9,9,8,7,10,9,9,8,8,8,X,10,10,8,8,7,9,9,9,9,8,7
Lemoine Frederic,0759101,Villeneuve D'ascq,CO S2H,9,9,9,8,7,7,X,10,10,9,9,9,X,10,9,9,8,7,10,9,9,8,8,8,10,9,9,8,7,7,X,10,9,8,7,7
Braun Romain,0762297,Wingles,CO S1H,X,9,9,8,8,8,X,X,10,9,9,8,X,X,X,10,10,8,X,9,9,9,8,8,10,9,9,9,9,8,X,10,10,10,9,9
Braun Romain,0762297,Wingles,CO S1H,10,10,9,9,9,7,X,X,10,10,8,8,X,10,9,9,9,9,X,9,9,9,9,8,9,9,9,9,9,9,9,9,9,9,8,8
Payet Stephane,0169188,Lyon 8Eme,CO S2H,X,X,10,10,9,9,X,10,10,9,9,8,X,10,10,10,10,8,X,10,10,10,9,9,X,10,10,9,9,9,10,9,9,9,9,9
Payet Stephane,0169188,Lyon 8Eme,CO S2H,X,X,X,10,10,9,X,10,10,9,9,9,X,10,10,9,9,9,X,X,9,9,9,8,10,9,9,9,9,8,10,9,9,9,8,8
Lienard Sebastien,0759101,Villeneuve D'ascq,CO S2H,10,10,9,9,9,9,X,X,X,9,9,8,X,10,9,9,9,9,X,X,9,9,9,8,9,9,9,9,7,M,10,10,9,9,9,9
Lienard Sebastien,0759101,Villeneuve D'ascq,CO S2H,10,9,9,9,9,8,X,10,10,9,9,9,10,10,9,9,8,8,X,X,9,9,8,7,X,9,9,9,9,9,X,X,10,9,9,8
Croes Quentin,0762297,Wingles,CO S1H,X,10,10,9,9,8,X,10,10,10,10,9,X,10,10,10,9,9,X,10,10,10,10,8,X,X,10,10,9,7,X,X,10,10,10,9
Croes Quentin,0762297,Wingles,CO S1H,X,X,10,10,9,8,X,X,X,10,9,9,X,X,X,10,9,9,X,10,10,10,10,10,10,10,9,9,9,9,10,10,9,9,9,8
Robert Mathieu,0169188,Lyon 8Eme,CO S1H,X,X,X,X,10,10,10,9,9,9,9,9,X,X,X,10,10,9,10,10,10,10,9,9,X,10,9,9,9,9,X,X,10,10,10,8
Robert Mathieu,0169188,Lyon 8Eme,CO S1H,X,X,10,9,9,8,10,9,9,9,9,9,10,10,9,9,9,9,X,10,10,10,9,9,X,10,10,10,8,8,9,9,9,9,8,5
Joubert Valentin,0893225,Neuilly Sur Marne,CO S1H,X,X,10,10,9,8,X,X,X,10,10,10,X,10,9,9,9,9,X,X,10,10,9,9,X,10,10,10,9,9,X,10,10,10,10,9
Joubert Valentin,0893225,Neuilly Sur Marne,CO S1H,X,10,10,9,9,8,X,X,10,9,9,8,X,X,X,10,10,8,X,X,X,10,9,8,X,X,X,10,10,8,10,10,10,10,9,9
Sagot Thomas,0762297,Wingles,CO S1H,10,10,10,9,9,9,10,9,9,9,9,8,X,9,9,9,9,8,X,10,10,9,9,8,10,10,9,9,9,9,X,10,9,9,9,8
Sagot Thomas,0762297,Wingles,CO S1H,X,X,X,10,10,10,X,X,10,9,9,9,X,X,10,9,9,9,X,X,10,9,9,8,X,10,9,9,8,8,X,10,10,9,9,9
Vallemont Antoine,0169188,Lyon 8Eme,CO S1H,9,9,9,9,9,8,10,9,9,9,9,8,X,10,9,9,9,9,X,10,10,9,9,8,9,9,9,9,9,8,X,X,10,9,9,9
Vallemont Antoine,0169188,Lyon 8Eme,CO S1H,X,10,10,10,9,8,X,10,10,9,9,9,10,9,9,9,8,8,X,10,9,9,8,8,X,X,9,8,8,8,9,9,9,8,8,6
Labiche Nicolas,0893225,Neuilly Sur Marne,CO S1H,10,10,10,10,9,9,X,X,X,9,9,9,X,10,10,10,9,9,X,X,X,X,10,10,X,10,10,10,9,8,X,X,10,10,10,9
Labiche Nicolas,0893225,Neuilly Sur Marne,CO S1H,X,10,10,10,10,9,X,X,10,10,10,8,X,X,10,10,10,9,X,X,10,10,9,9,10,10,10,10,9,9,X,X,X,10,10,9
Secember Hugo,0762297,Wingles,CO U21H,10,10,9,9,9,8,X,9,9,9,8,8,X,10,9,8,8,7,10,10,10,9,8,8,10,10,9,8,8,7,X,9,9,9,8,7
Secember Hugo,0762297,Wingles,CO U21H,X,9,7,6,5,M,X,10,10,9,9,7,X,10,9,9,9,6,10,10,9,9,9,8,9,9,8,8,7,6,9,9,8,8,8,6
Hadjadj Jonathan,0895293,Sarcelles,CO S2H,X,9,9,9,9,9,10,9,9,9,9,8,10,10,9,9,9,9,10,10,9,9,9,9,10,10,9,9,8,5,10,9,9,8,8,6
Hadjadj Jonathan,0895293,Sarcelles,CO S2H,X,X,10,9,8,8,X,9,8,8,7,7,X,10,9,9,8,8,9,9,9,9,8,7,X,X,10,9,9,9,10,10,9,9,9,9
Nicolas Adrien,0893225,Neuilly Sur Marne,CO S1H,X,9,9,9,9,8,X,X,10,9,9,8,X,X,10,9,9,7,X,9,9,9,9,8,10,9,9,9,9,8,X,10,10,9,9,9
Nicolas Adrien,0893225,Neuilly Sur Marne,CO S1H,X,X,10,10,9,8,X,X,X,10,10,9,X,X,10,9,8,8,9,9,9,9,9,8,10,10,9,9,9,9,10,10,10,9,9,9
Armanini Sebastien,1306038,Nice Ac,CO S1H,X,X,10,10,10,10,10,10,9,9,9,9,10,10,10,10,10,9,X,X,10,10,10,9,X,X,X,10,10,10,X,X,X,10,10,9
Armanini Sebastien,1306038,Nice Ac,CO S1H,X,X,10,10,9,9,10,10,10,9,9,9,X,10,10,10,9,9,X,X,10,10,10,9,10,9,9,9,8,8,X,X,10,9,9,9
Henninot Guillaume,0895293,Sarcelles,CO S1H,X,10,10,9,9,9,X,X,10,9,9,9,X,10,9,9,9,M,X,10,9,9,9,M,X,10,9,9,9,8,X,X,X,X,10,10
Henninot Guillaume,0895293,Sarcelles,CO S1H,X,X,10,10,9,8,X,X,10,9,8,8,X,X,X,10,9,9,9,9,9,9,8,8,10,10,10,9,9,8,X,X,9,9,9,8
Vrillaud Frizziero Celian,0893225,Neuilly Sur Marne,CO U21H,X,X,10,9,8,7,10,10,10,9,9,8,X,X,10,10,9,8,X,10,9,9,9,8,10,10,10,9,9,9,10,10,9,9,9,8
Vrillaud Frizziero Celian,0893225,Neuilly Sur Marne,CO U21H,10,9,9,9,9,9,X,10,9,9,9,7,X,10,9,9,9,8,X,X,10,9,9,9,10,10,9,9,9,8,9,9,9,9,9,8
Berthet Dylan,1306038,Nice Ac,CO S1H,X,10,9,9,9,8,X,X,10,10,9,9,10,10,10,9,9,9,X,10,9,9,9,9,10,10,10,9,9,9,10,10,10,9,9,9
Berthet Dylan,1306038,Nice Ac,CO S1H,10,10,9,9,9,9,X,X,10,10,9,9,X,10,10,10,9,9,X,10,10,9,9,8,X,10,9,9,9,8,X,9,9,9,9,8
Junker Alexandre,0895293,Sarcelles,CO S1H,X,X,10,9,9,9,X,10,10,10,9,9,X,X,X,X,10,10,10,10,10,10,9,9,X,10,10,10,10,8,X,10,10,9,9,9
Junker Alexandre,0895293,Sarcelles,CO S1H,X,X,10,10,9,9,X,X,X,10,9,9,X,10,10,9,9,9,X,X,10,10,10,9,10,10,9,9,9,9,X,9,9,9,8,8
Bega Thierry,1086189,Smarves,CO S2H,X,10,9,7,6,M,10,8,7,7,7,5,X,9,9,9,8,7,9,9,8,8,8,M,9,9,9,8,8,8,10,8,8,8,8,7
Bega Thierry,1086189,Smarves,CO S2H,10,9,9,8,8,M,X,10,9,9,8,8,X,10,10,8,7,7,10,10,9,9,8,5,9,8,8,7,7,5,9,9,9,9,7,5
Menard Luke,1306038,Nice Ac,CO S1H,X,X,9,9,9,9,10,10,9,9,9,9,10,10,10,9,9,9,X,10,10,9,9,9,X,10,9,9,9,9,10,10,9,9,9,9
Menard Luke,1306038,Nice Ac,CO S1H,X,X,X,10,9,8,X,10,10,9,9,9,X,X,10,9,9,8,X,X,10,9,9,9,X,9,9,9,9,8,10,10,9,9,8,7
Marin-Lafleche Kevin,0895293,Sarcelles,CO S2H,X,10,10,9,8,7,X,10,10,10,8,8,10,10,10,9,9,9,X,10,9,9,9,8,X,X,10,9,9,9,10,10,10,9,8,8
Marin-Lafleche Kevin,0895293,Sarcelles,CO S2H,X,9,9,8,8,7,10,10,9,9,8,8,10,10,10,10,10,8,X,10,10,9,9,8,X,10,10,9,9,8,X,X,X,10,9,6
Bernardin Tony,1086189,Smarves,CO S2H,9,9,8,8,7,7,10,10,9,9,9,9,9,9,9,8,8,7,10,10,9,9,8,8,10,9,9,9,8,7,9,9,9,9,8,8
Bernardin Tony,1086189,Smarves,CO S2H,X,9,9,9,8,8,X,10,10,9,9,8,10,9,9,8,8,7,9,9,9,8,8,7,10,10,9,9,9,8,9,9,9,9,9,9
Nicolai Dorian,1306038,Nice Ac,CO U21H,X,10,10,9,9,9,9,9,9,9,9,8,X,10,9,9,8,8,10,9,9,9,9,9,X,10,9,9,8,8,10,10,10,9,9,9
Nicolai Dorian,1306038,Nice Ac,CO U21H,10,9,9,9,9,9,10,9,9,9,9,8,9,9,9,9,9,9,9,9,8,8,8,7,10,10,9,9,9,8,X,X,10,9,8,8
Mazeau Eric-Jean,1086189,Smarves,CO S3H,X,9,9,8,8,8,X,10,9,9,9,8,10,10,9,9,8,8,10,9,9,8,8,7,9,9,9,9,7,7,10,10,10,8,8,8
Mazeau Eric-Jean,1086189,Smarves,CO S3H,9,9,9,9,8,8,X,10,9,9,9,9,10,9,9,9,9,8,10,10,10,9,9,6,X,10,9,8,8,7,9,9,9,8,8,7
Buthiaux Eric,1306038,Nice Ac,CO S3H,10,10,9,9,9,8,10,9,9,9,9,8,10,10,10,10,9,9,X,X,10,10,10,10,9,9,9,8,8,7,X,X,9,9,9,8
Buthiaux Eric,1306038,Nice Ac,CO S3H,X,X,10,9,8,8,X,9,9,9,9,8,10,10,9,9,9,9,X,X,10,10,9,9,X,X,10,9,8,8,X,X,10,10,9,8
Briere Adrien,0163157,Riom,CO S1H,X,10,9,9,9,9,X,X,10,10,9,9,X,10,10,10,9,9,10,9,9,9,8,8,X,X,X,10,9,9,X,X,X,10,10,9
Briere Adrien,0163157,Riom,CO S1H,X,10,9,9,9,9,X,10,10,10,9,9,X,10,10,9,9,8,X,X,10,9,9,9,X,10,9,9,9,9,X,10,10,9,9,9
